{"cameraMode":{"drawMode":0,"name":"Shaded","section":"Shading Mode"},"sceneLighting":false,"audioPlay":false,"sceneViewState":{"showFog":true,"showMaterialUpdate":false,"showSkybox":true,"showFlares":true,"showImageEffects":true,"showParticleSystems":true},"in2DMode":false,"pivot":{"x":-10.886894226074219,"y":6.919391632080078,"z":-29.4276123046875},"rotation":{"x":-0.06025203317403793,"y":-0.026352131739258767,"z":0.0015910753281787038,"w":-0.997833788394928},"size":30.917072296142579,"orthographic":false}