{"cameraMode":{"drawMode":0,"name":"Shaded","section":"Shading Mode"},"sceneLighting":false,"audioPlay":false,"sceneViewState":{"showFog":true,"showMaterialUpdate":false,"showSkybox":true,"showFlares":true,"showImageEffects":true,"showParticleSystems":true},"in2DMode":false,"pivot":{"x":-2.442580223083496,"y":3.205242872238159,"z":6.751890659332275},"rotation":{"x":-0.04944354295730591,"y":-0.11748512089252472,"z":0.005856445990502834,"w":-0.9918262362480164},"size":15.023808479309082,"orthographic":false}